{
  "duration_s": 58.43488597869873,
  "path_length_deg": 5062.057577953782,
  "mean_angular_speed_deg_per_s": 87.37843567891497,
  "spike_count": 31,
  "percent_time_moving": 0.7224770642201835,
  "blink_rate_per_s": 0.3764874227962426,
  "gaze_dispersion": 172.09095277089554,
  "saccade_count": 4,
  "fixation_count": 3,
  "mean_saccade_duration_s": 0.4924905300140381,
  "median_saccade_duration_s": 0.4847475290298462,
  "mean_saccade_peak_velocity": 1101.0201572987046,
  "mean_saccade_amplitude": -120.24089044248434,
  "mean_fixation_duration_s": 18.55631136894226,
  "saccade_latencies_s": [
    null,
    null,
    null,
    null,
    null,
    null,
    null,
    null,
    null,
    null,
    null,
    null,
    null,
    null,
    null,
    null,
    null,
    null,
    null,
    null
  ],
  "intrusive_saccade_count": 0,
  "intrusive_counts_per_interval": [],
  "is_calibrated": true
}